Date,Adj Close,Close,High,Low,Open,Volume
2021-06-24 00:00:00+00:00,357.0785522,362.8500061,362.8500061,295.1499939,302.3999939,4996291
2021-06-25 00:00:00+00:00,359.0467224,364.8500061,414.4500122,355,385.0499878,2126563
2021-06-28 00:00:00+00:00,342.0219116,347.5499878,361.6000061,337.5,358,845774
2021-06-29 00:00:00+00:00,343.3996582,348.9500122,352.0499878,340.6499939,342.6000061,259344
2021-06-30 00:00:00+00:00,336.9538269,342.3999939,358.7999878,341.5499878,350,86845
2021-07-01 00:00:00+00:00,339.0204163,344.5,349.8999939,333.1499939,342.8999939,184218
2021-07-02 00:00:00+00:00,371.2494812,377.25,385,341.3500061,344,277086
2021-07-05 00:00:00+00:00,377.400116,383.5,387.9500122,366.6499939,383.5,133437
2021-07-06 00:00:00+00:00,381.7792969,387.9500122,395.5,375.7999878,380.2000122,288731
2021-07-07 00:00:00+00:00,399.1485596,405.6000061,421,378.8500061,386,305994
2021-07-08 00:00:00+00:00,395.4582214,401.8500061,412.3500061,396.3500061,404.3999939,219429
2021-07-09 00:00:00+00:00,415.041687,421.75,426.9500122,398.1000061,398.3999939,213017
2021-07-12 00:00:00+00:00,402.9373779,409.4500122,427.8999939,401.8999939,427.8999939,99054
2021-07-13 00:00:00+00:00,396.0979004,402.5,415.2999878,400.1000061,411,137970
2021-07-14 00:00:00+00:00,395.5566406,401.9500122,406.8999939,398.7999878,404.3999939,86440
2021-07-15 00:00:00+00:00,388.1266785,394.3999939,409,392.5499878,402,121733
2021-07-16 00:00:00+00:00,395.1138306,401.5,409,399.7999878,403,67963
2021-07-19 00:00:00+00:00,386.404541,392.6499939,405,388.1499939,401.5,184605
2021-07-20 00:00:00+00:00,432.2633667,439.25,456.5,392.4500122,398,366093
2021-07-22 00:00:00+00:00,438.8568115,445.9500122,451,411.2999878,427.3999939,288554
2021-07-23 00:00:00+00:00,415.7305603,422.4500122,453,418,441,263773
2021-07-26 00:00:00+00:00,398.6072693,405.0499878,425,402.5,425,147574
2021-07-27 00:00:00+00:00,390.3409424,396.6499939,415.0499878,394,408.8500061,141164
2021-07-28 00:00:00+00:00,412.2369995,418.8999939,423.9500122,395.6499939,400.3999939,284826
2021-07-29 00:00:00+00:00,428.4745483,435.3999939,438.7000122,415.7000122,421,266615
2021-07-30 00:00:00+00:00,431.9188843,438.8999939,443.75,426.5,435.3999939,69131
2021-08-02 00:00:00+00:00,432.0173645,439,453.7999878,435.5,438.8999939,96270
2021-08-03 00:00:00+00:00,430.7872009,437.75,447,432.3999939,440.1499939,56215
2021-08-04 00:00:00+00:00,415.3861389,422.1000061,441,421,437.75,125425
2021-08-05 00:00:00+00:00,403.0848999,409.6000061,425.1000061,408,425,113521
2021-08-06 00:00:00+00:00,405.2991638,411.8500061,422,408,409.25,124816
2021-08-09 00:00:00+00:00,472.4143372,480.0499878,486.3500061,425,425,940824
2021-08-10 00:00:00+00:00,480.9268188,488.7000122,559.6500244,473.6499939,480.0499878,1359491
2021-08-11 00:00:00+00:00,490.8169556,498.75,524,478.25,495.1000061,399949
2021-08-12 00:00:00+00:00,483.6330872,491.4500122,508.9500122,486.7999878,504.8500061,120984
2021-08-13 00:00:00+00:00,493.7200317,501.7000122,517.3499756,494.6000061,495,242809
2021-08-16 00:00:00+00:00,508.1862488,516.4000244,541.75,493.0499878,503,308174
2021-08-17 00:00:00+00:00,488.4059143,496.2999878,523.0499878,494,515.0499878,198829
2021-08-18 00:00:00+00:00,466.6574402,474.2000122,505.1499939,464.9500122,498.8999939,140888
2021-08-20 00:00:00+00:00,459.1290894,466.5499878,492.5499878,460.3999939,469.7999878,248180
2021-08-23 00:00:00+00:00,437.9710388,445.0499878,481,437.7000122,472.8999939,242416
2021-08-24 00:00:00+00:00,443.383606,450.5499878,456.2000122,440,450,117896
2021-08-25 00:00:00+00:00,465.1813049,472.7000122,491,455,456,301079
2021-08-26 00:00:00+00:00,464.1972046,471.7000122,484,466,475,147292
2021-08-27 00:00:00+00:00,466.5098572,474.0499878,478.6000061,467,471.7000122,101085
2021-08-30 00:00:00+00:00,504.9878845,513.1500244,521.75,483.0499878,483.0499878,253474
2021-08-31 00:00:00+00:00,492.2930603,500.25,518.5,495.5,501.1000061,242986
2021-09-01 00:00:00+00:00,490.2264709,498.1499939,513,495.3500061,500.25,140438
2021-09-02 00:00:00+00:00,487.2742004,495.1499939,510.75,493.1499939,499.7000122,69294
2021-09-03 00:00:00+00:00,517.7811279,526.1500244,538.4500122,491,495.1499939,521871
2021-09-06 00:00:00+00:00,539.8740234,548.5999756,561.7999878,526.8499756,532.7000122,450816
2021-09-07 00:00:00+00:00,539.5788574,548.2999878,560.8499756,541,549.9000244,196952
2021-09-08 00:00:00+00:00,536.2329102,544.9000244,552.0999756,526.5499878,552,144555
2021-09-09 00:00:00+00:00,540.7597046,549.5,570.75,543.5999756,545.9000244,326751
2021-09-13 00:00:00+00:00,574.2680664,583.5499878,589.2000122,546.3499756,551.5,246890
2021-09-14 00:00:00+00:00,562.7542114,571.8499756,596.9000244,567,587.4500122,3825652
2021-09-15 00:00:00+00:00,573.1364136,582.4000244,589,567.0499878,575.5,148796
2021-09-16 00:00:00+00:00,576.3347168,585.6500244,610,582.5499878,585.9000244,177369
2021-09-17 00:00:00+00:00,561.3273315,570.4000244,593.9000244,560,593.9000244,231353
2021-09-20 00:00:00+00:00,556.7020874,565.7000122,579.9000244,555.7999878,560,183939
2021-09-21 00:00:00+00:00,553.8481445,562.7999878,572.8499756,547.2999878,569,128109
2021-09-22 00:00:00+00:00,565.3620605,574.5,583.9500122,561.1500244,568,164466
2021-09-23 00:00:00+00:00,564.8208008,573.9500122,587.3499756,563.1500244,584,77394
2021-09-24 00:00:00+00:00,549.5673828,558.4500122,578.9500122,555.6500244,578.9500122,64324
2021-09-27 00:00:00+00:00,551.5847778,560.5,566.7999878,547.7999878,565,146475
2021-09-28 00:00:00+00:00,547.6483765,556.5,565,552.25,564.9000244,76959
2021-09-29 00:00:00+00:00,554.5369873,563.5,573.5999756,550.7999878,554,134227
2021-09-30 00:00:00+00:00,547.0579224,555.9000244,566.9500122,555,560,71401
2021-10-01 00:00:00+00:00,552.9624634,561.9000244,571.25,549.3499756,553.75,128839
2021-10-04 00:00:00+00:00,566.0018311,575.1500244,581.7000122,564.8499756,566.2999878,80267
2021-10-05 00:00:00+00:00,575.9902344,585.2999878,589.7000122,555.5499878,578.75,115806
2021-10-06 00:00:00+00:00,571.4634399,580.7000122,591.3499756,573,586,119428
2021-10-07 00:00:00+00:00,642.6626587,653.0499878,688.5499878,583.9000244,586.0999756,476485
2021-10-08 00:00:00+00:00,621.3078613,631.3499756,660,626.8499756,655.4000244,228203
2021-10-11 00:00:00+00:00,641.5800781,651.9500122,665.9500122,624.9500122,633,207281
2021-10-12 00:00:00+00:00,643.3515015,653.75,661,635.0999756,651.9500122,121772
2021-10-13 00:00:00+00:00,729.2630005,741.0499878,748.5,668.9500122,668.9500122,571710
2021-10-14 00:00:00+00:00,743.0402832,755.0499878,813.25,718.75,748.7000122,330629
2021-10-18 00:00:00+00:00,753.5700073,765.75,805,752.2999878,760,114824
2021-10-19 00:00:00+00:00,687.9801636,699.0999756,774,669.4000244,774,189807
2021-10-20 00:00:00+00:00,633.7073975,643.9500122,696,613.7000122,696,277392
2021-10-21 00:00:00+00:00,615.1079712,625.0499878,653.7000122,602.0499878,643.9500122,190185
2021-10-22 00:00:00+00:00,606.9400635,616.75,667,610.4000244,629.9000244,102076
2021-10-25 00:00:00+00:00,594.1467896,603.75,629.5499878,585,619.9500122,170719
2021-10-26 00:00:00+00:00,629.5742188,639.75,653.2999878,606,606,166604
2021-10-27 00:00:00+00:00,605.4639282,615.25,649,611.75,643.9500122,167331
2021-10-28 00:00:00+00:00,656.6859741,667.2999878,705,617.9500122,618,565566
2021-10-29 00:00:00+00:00,637.2501831,647.5499878,677.9500122,636.0499878,664.7000122,131151
2021-11-01 00:00:00+00:00,638.2342529,648.5499878,668.8499756,645.0999756,656,79786
2021-11-02 00:00:00+00:00,639.1199951,649.4500122,669.2000122,635.2999878,653.9500122,305886
2021-11-03 00:00:00+00:00,632.6248779,642.8499756,655.7000122,635,653.9000244,138647
2021-11-04 00:00:00+00:00,656.1447144,666.75,669,648,648,70455
2021-11-08 00:00:00+00:00,655.8986816,666.5,679.9500122,650,670,190444
2021-11-09 00:00:00+00:00,674.3504028,685.25,697.4500122,660.2000122,669.9500122,257928
2021-11-10 00:00:00+00:00,675.7283325,686.6500244,700,671.2999878,681.9000244,179257
2021-11-11 00:00:00+00:00,683.6010132,694.6500244,713.3499756,685.0499878,685.0499878,206599
2021-11-12 00:00:00+00:00,669.0363159,679.8499756,704.5,670.75,701.8499756,74289
2021-11-15 00:00:00+00:00,679.0248413,690,700,683.9000244,685,46948
2021-11-16 00:00:00+00:00,701.7081909,713.0499878,720.8499756,692.9500122,695,172738
2021-11-17 00:00:00+00:00,699.2972412,710.5999756,725.9500122,706.2000122,709,152141
2021-11-18 00:00:00+00:00,699.7891846,711.0999756,720.25,689.25,711,103547
2021-11-22 00:00:00+00:00,684.8310547,695.9000244,723.5999756,680.75,712.9000244,297254
2021-11-23 00:00:00+00:00,725.9170532,737.6500244,748.5999756,689.1500244,694.9000244,172060
2021-11-24 00:00:00+00:00,730.345459,742.1500244,769.7999878,733.9000244,750,120576
2021-11-25 00:00:00+00:00,748.059082,760.1500244,775,745.5499878,746.3499756,158923
2021-11-26 00:00:00+00:00,717.4046021,729,768,720,740.2000122,256103
2021-11-29 00:00:00+00:00,731.4771729,743.2999878,747.4500122,677.0499878,729.9500122,158070
2021-11-30 00:00:00+00:00,736.102417,748,770.3499756,737.2000122,750,82012
2021-12-01 00:00:00+00:00,733.9865723,745.8499756,765.3499756,741.4500122,760,51497
2021-12-02 00:00:00+00:00,746.4845581,758.5499878,767.4000244,745,745,115172
2021-12-03 00:00:00+00:00,754.9477539,767.1500244,812.5999756,763.0999756,770,191434
2021-12-06 00:00:00+00:00,739.9403076,751.9000244,776.0499878,748.2999878,772,145174
2021-12-07 00:00:00+00:00,748.6003418,760.7000122,777.5,755.2000122,757,115477
2021-12-08 00:00:00+00:00,759.6222534,771.9000244,778,764,773.2000122,75098
2021-12-09 00:00:00+00:00,764.2967529,776.6500244,817.7999878,772.5499878,783.9500122,347421
2021-12-10 00:00:00+00:00,776.548584,789.0999756,791.9500122,776.6500244,778.9000244,161643
2021-12-13 00:00:00+00:00,810.5491333,823.6500244,829.2999878,797.2999878,798,154254
2021-12-14 00:00:00+00:00,786.2912598,799,839.1500244,795,820.2999878,261724
2021-12-15 00:00:00+00:00,783.1420898,795.7999878,809.7999878,791,807,65568
2021-12-16 00:00:00+00:00,766.8062134,779.2000122,806,776.1500244,801.1500244,73003
2021-12-17 00:00:00+00:00,741.3673096,753.3499756,798.5,741.6500244,778,178864
2021-12-20 00:00:00+00:00,688.0294189,699.1500244,757,690.5499878,757,196538
2021-12-21 00:00:00+00:00,697.9195557,709.2000122,728.2999878,704.75,713.3499756,66670
2021-12-22 00:00:00+00:00,685.0770874,696.1500244,722.3499756,694,716,70044
2021-12-23 00:00:00+00:00,687.3405151,698.4500122,710.3499756,691.8499756,703.5,188246
2021-12-24 00:00:00+00:00,700.8226318,712.1500244,717.6500244,680.1500244,700.6500244,90138
2021-12-27 00:00:00+00:00,694.6229248,705.8499756,715.8499756,694.6500244,712,56970
2021-12-28 00:00:00+00:00,717.0601196,728.6500244,732,705.5499878,707.2000122,141303
2021-12-29 00:00:00+00:00,698.5099487,709.7999878,734.5999756,705.0999756,730,41481
2021-12-30 00:00:00+00:00,711.057251,722.5499878,727.5999756,707,707,95081
2021-12-31 00:00:00+00:00,731.8215332,743.6500244,748.5999756,722.4500122,725,59423
2022-01-03 00:00:00+00:00,728.623291,740.4000244,750,736.2999878,745,92006
2022-01-04 00:00:00+00:00,741.9085693,753.9000244,778.3499756,744.8499756,744.9000244,110551
2022-01-05 00:00:00+00:00,726.753479,738.5,754.75,736,753.9000244,38841
2022-01-06 00:00:00+00:00,720.5045166,732.1500244,735,718,730,114446
2022-01-07 00:00:00+00:00,722.1774292,733.8499756,744,728.1500244,735,39199
2022-01-10 00:00:00+00:00,728.2788086,740.0499878,747.5,734,735.2000122,42753
2022-01-11 00:00:00+00:00,744.0735474,756.0999756,768.8499756,737.5499878,739.9500122,131352
2022-01-12 00:00:00+00:00,746.8782349,758.9500122,776,741.0999756,761,167059
2022-01-13 00:00:00+00:00,739.989563,751.9500122,760,746,760,28590
2022-01-14 00:00:00+00:00,744.3687744,756.4000244,765.9500122,744,750.9000244,1083917
2022-01-17 00:00:00+00:00,757.7524414,770,795,760.4000244,760.4000244,190523
2022-01-18 00:00:00+00:00,758.2937012,770.5499878,789.5499878,764.2000122,775,68379
2022-01-19 00:00:00+00:00,727.9835815,739.75,771.0499878,737.8499756,770.2000122,49718
2022-01-20 00:00:00+00:00,724.4900513,736.2000122,744.5999756,720,739.75,114286
2022-01-21 00:00:00+00:00,691.3753052,702.5499878,725,693.3499756,717.9000244,208016
2022-01-24 00:00:00+00:00,640.0548096,650.4000244,702.9500122,607.75,696.0499878,490531
2022-01-25 00:00:00+00:00,617.1746826,627.1500244,646.9000244,616.9000244,630,154940
2022-01-27 00:00:00+00:00,593.9500122,603.5499878,621.25,600,621,114984
2022-01-28 00:00:00+00:00,615.5508423,625.5,655.9500122,611,611,250225
2022-01-31 00:00:00+00:00,632.1328735,642.3499756,650,636,639,117399
2022-02-01 00:00:00+00:00,653.0447998,663.5999756,668.9500122,642.3499756,658,162639
2022-02-02 00:00:00+00:00,665.149231,675.9000244,679.7999878,635.1500244,635.1500244,95164
2022-02-03 00:00:00+00:00,675.6790161,686.5999756,699.0999756,670.25,680.6500244,134411
2022-02-04 00:00:00+00:00,670.6600952,681.5,689.5,668,686.5999756,78843
2022-02-07 00:00:00+00:00,649.1083984,659.5999756,686.4000244,655.2999878,686.4000244,48639
2022-02-08 00:00:00+00:00,615.796875,625.75,671.25,622.7000122,665,75230
2022-02-09 00:00:00+00:00,637.7421875,648.0499878,650,627.5499878,631.9000244,97230
2022-02-10 00:00:00+00:00,632.9693604,643.2000122,655.4500122,637.2000122,650,44171
2022-02-11 00:00:00+00:00,622.3481445,631.6500244,637.5999756,627.2000122,631,73825
2022-02-15 00:00:00+00:00,642.7924194,652.4000244,659.5499878,596.0499878,620,172353
2022-02-16 00:00:00+00:00,641.4624023,651.0499878,667.2000122,642,658,137179
2022-02-17 00:00:00+00:00,647.3248291,657,663.4500122,650.0999756,654,37895
2022-02-18 00:00:00+00:00,646.9799194,656.6500244,663.0499878,646,646,21019
2022-02-21 00:00:00+00:00,646.4873047,656.1500244,664.5,631.8499756,650,109647
2022-02-22 00:00:00+00:00,624.7127686,634.0499878,651.0499878,611,611,47073
2022-02-23 00:00:00+00:00,628.1119385,637.5,651.9000244,634,634.0999756,23413
2022-02-24 00:00:00+00:00,587.4694214,596.25,618.5999756,581.9000244,615.5,117273
2022-02-25 00:00:00+00:00,640.1323242,649.7000122,656,610.5499878,620.3499756,146454
2022-02-28 00:00:00+00:00,626.6340332,636,640.4500122,615,639.75,78873
2022-03-02 00:00:00+00:00,610.9682007,620.0999756,642.0499878,612.5,627.5,69277
2022-03-03 00:00:00+00:00,595.4008179,604.2999878,635.7000122,602.9500122,634,113649
2022-03-04 00:00:00+00:00,580.473999,589.1500244,610.0999756,581.75,595,160203
2022-03-07 00:00:00+00:00,565.793335,574.25,580.5499878,553.7000122,563.5,116816
2022-03-08 00:00:00+00:00,561.211792,569.5999756,589.5,562.2000122,575,111523
2022-03-09 00:00:00+00:00,564.3646851,572.7999878,579,566.5499878,579,100793
2022-03-10 00:00:00+00:00,593.4302368,602.2999878,613.0999756,590.2999878,590.2999878,64482
2022-03-11 00:00:00+00:00,607.470459,616.5499878,620.1500244,595,609.9500122,31586
2022-03-14 00:00:00+00:00,603.7263184,612.75,624.9500122,609,623.8499756,30004
2022-03-15 00:00:00+00:00,622.1018066,631.4000244,644.9500122,617.1500244,617.1500244,64050
2022-03-16 00:00:00+00:00,635.3045044,644.7999878,654,635.5499878,640.0499878,37259
2022-03-17 00:00:00+00:00,674.4198608,684.5,698,652.5,655,188352
2022-03-21 00:00:00+00:00,664.5177612,674.4500122,706.75,672.7000122,692,147289
2022-03-22 00:00:00+00:00,659.3944092,669.25,678.5499878,652.25,675,49762
2022-03-23 00:00:00+00:00,679.4940186,689.6500244,694,670.9500122,672,132774
2022-03-24 00:00:00+00:00,665.4538574,675.4000244,686.0499878,670.8499756,685.9000244,55761
2022-03-25 00:00:00+00:00,652.2018433,661.9500122,684,660,678.9000244,56248
2022-03-28 00:00:00+00:00,649.3938599,659.0999756,668.4000244,654,668.4000244,36773
2022-03-29 00:00:00+00:00,652.9407959,662.7000122,678,659.7000122,660.1500244,71894
2022-03-30 00:00:00+00:00,664.9119873,674.8499756,692,662.5,672.9000244,24152
2022-03-31 00:00:00+00:00,669.1486206,679.1500244,687,672.3499756,682,28059
2022-04-01 00:00:00+00:00,647.6696167,657.3499756,677.6500244,654.9500122,677.6500244,44439
2022-04-04 00:00:00+00:00,653.3349609,663.0999756,668.0499878,659.2000122,662,133688
2022-04-05 00:00:00+00:00,666.9317627,676.9000244,682.9500122,662.5999756,669.5999756,97191
2022-04-06 00:00:00+00:00,658.2612915,668.0999756,676,665.3499756,672,29899
2022-04-07 00:00:00+00:00,640.3293457,649.9000244,668.9000244,646.4000244,668.9000244,102862
2022-04-08 00:00:00+00:00,645.6005859,655.25,664.1500244,644.5499878,650.2999878,80805
2022-04-11 00:00:00+00:00,638.4080811,647.9500122,661.2999878,644.5,653.2999878,72630
2022-04-12 00:00:00+00:00,621.510498,630.7999878,649.0999756,628.3499756,645.0499878,92763
2022-04-13 00:00:00+00:00,611.5100708,620.6500244,639,619.5,635,80203
2022-04-18 00:00:00+00:00,613.6776123,622.8499756,629.5999756,610.5,610.5,34820
2022-04-19 00:00:00+00:00,623.8753052,633.2000122,653,625,626.9000244,104216
2022-04-20 00:00:00+00:00,651.7092285,661.4500122,663.5,639.4000244,640.0999756,60040
2022-04-21 00:00:00+00:00,654.5172119,664.2999878,669,652.9500122,666,33431
2022-04-22 00:00:00+00:00,661.7097168,671.5999756,683.2999878,653.5,653.5,60002
2022-04-25 00:00:00+00:00,657.4238281,667.25,679.6500244,655,665.8499756,102069
2022-04-26 00:00:00+00:00,664.4685669,674.4000244,688,670,673.4500122,73843
2022-04-27 00:00:00+00:00,647.0291748,656.7000122,668.7999878,651.7000122,665,28396
2022-04-28 00:00:00+00:00,642.5462036,652.1500244,664,648.9500122,656,13822
2022-04-29 00:00:00+00:00,627.3237305,636.7000122,659.4000244,631,659.4000244,22169
2022-05-04 00:00:00+00:00,602.5932617,611.5999756,640.1500244,606.7000122,637.9500122,34294
2022-05-05 00:00:00+00:00,604.711731,613.75,635.3499756,611.5,619,81029
2022-05-06 00:00:00+00:00,587.1245728,595.9000244,619.2000122,590.5,615.8499756,63297
2022-05-09 00:00:00+00:00,591.5089722,600.3499756,608.3499756,576.5999756,584.5,85515
2022-05-10 00:00:00+00:00,563.6750488,572.0999756,612.9000244,568.7000122,605.5,60547
2022-05-11 00:00:00+00:00,555.5465088,563.8499756,589.4500122,543.25,580,117552
2022-05-12 00:00:00+00:00,559.635437,568,578,552.0999756,564.9500122,90809
2022-05-13 00:00:00+00:00,561.0148926,569.4000244,588.2000122,560.75,575.0499878,46221
2022-05-16 00:00:00+00:00,546.1864014,554.3499756,584.9500122,551.0999756,575.2999878,59032
2022-05-17 00:00:00+00:00,578.6511841,587.2999878,592.7000122,558.3499756,560,50365
2022-05-18 00:00:00+00:00,553.7730103,562.0499878,589,560,589,72409
2022-05-19 00:00:00+00:00,529.2890015,537.2000122,553.7999878,526.75,551,66708
2022-05-20 00:00:00+00:00,546.8269043,555,572.3499756,549,550,78798
2022-05-23 00:00:00+00:00,530.668396,538.5999756,570.6500244,534.5,565,54786
2022-05-24 00:00:00+00:00,542.3931274,550.5,554.9500122,541,551.2999878,27166
2022-05-25 00:00:00+00:00,524.904541,532.75,554.4000244,530,550,29597
2022-05-26 00:00:00+00:00,526.333252,534.2000122,542.75,519.9500122,540,31885
2022-05-27 00:00:00+00:00,529.3383179,537.25,545.9500122,531.9500122,545.9500122,28556
2022-05-30 00:00:00+00:00,541.1616211,549.25,553.3499756,542,547.9500122,29293
2022-05-31 00:00:00+00:00,546.8269043,555,577.7999878,541.7000122,554,106027
2022-06-01 00:00:00+00:00,563.6257935,572.0499878,574.9000244,555,559.7000122,29979
2022-06-02 00:00:00+00:00,565.3006592,573.75,575.5,560.4500122,569.7000122,42504
2022-06-03 00:00:00+00:00,564.2662354,572.7000122,588.5999756,569.7999878,575.9000244,60287
2022-06-06 00:00:00+00:00,570.2271118,578.75,582.7000122,568.8499756,573.7000122,18977
2022-06-07 00:00:00+00:00,578.4048462,587.0499878,589.6500244,568.4000244,575,42848
2022-06-08 00:00:00+00:00,587.2230225,596,600.0999756,578.5499878,593,67390
2022-06-09 00:00:00+00:00,585.055481,593.7999878,599,587.6500244,590,38771
2022-06-10 00:00:00+00:00,591.9030762,600.75,608.7000122,586.5499878,587,36023
2022-06-13 00:00:00+00:00,592.3464966,601.2000122,603.7999878,576.8499756,596,34418
2022-06-14 00:00:00+00:00,587.1737671,595.9500122,605,586.5,591,27145
2022-06-15 00:00:00+00:00,591.1149902,599.9500122,606,596,601,15028
2022-06-16 00:00:00+00:00,561.2612305,569.6500244,608.7000122,565.8499756,608,57103
2022-06-17 00:00:00+00:00,557.7141724,566.0499878,584.0999756,551.5999756,565.25,69408
2022-06-20 00:00:00+00:00,539.0925293,547.1500244,570.7999878,540.5499878,561.7999878,20709
2022-06-21 00:00:00+00:00,551.9995728,560.25,569.2000122,551.4000244,556.7999878,19676
2022-06-22 00:00:00+00:00,531.456604,539.4000244,570,537.0999756,570,53002
2022-06-23 00:00:00+00:00,547.1224976,555.2999878,573,544.8499756,545,39881
2022-06-24 00:00:00+00:00,571.1630859,579.7000122,585,562,585,27926
2022-06-27 00:00:00+00:00,573.4292603,582,591.6500244,578.9500122,585.5,22763
2022-06-28 00:00:00+00:00,560.1773682,568.5499878,582.5,566.0499878,579.0999756,29911
2022-06-29 00:00:00+00:00,551.7122803,559.2000122,575.0999756,557.2000122,575.0999756,27813
2022-06-30 00:00:00+00:00,546.8284912,554.25,564.7999878,552,561,24400
2022-07-01 00:00:00+00:00,559.7530518,567.3499756,569.9000244,546.7000122,555,28872
2022-07-04 00:00:00+00:00,560.8383179,568.4500122,573.5499878,565.0499878,572.7000122,14777
2022-07-05 00:00:00+00:00,552.5508423,560.0499878,575.1500244,557.75,574,30122
2022-07-06 00:00:00+00:00,561.5783691,569.2000122,574.2999878,556.5,568,18466
2022-07-07 00:00:00+00:00,560.1970215,567.7999878,578.9500122,563.5999756,573,48744
2022-07-08 00:00:00+00:00,559.4077148,567,576,562.2999878,569.9000244,27997
2022-07-11 00:00:00+00:00,568.7805786,576.5,578.25,562.5499878,569.3499756,26454
2022-07-12 00:00:00+00:00,563.0581665,570.7000122,574.9500122,563.4500122,574.9500122,18322
2022-07-13 00:00:00+00:00,572.875061,580.6500244,584.1500244,571.8499756,573.9500122,76919
2022-07-14 00:00:00+00:00,567.2019653,574.9000244,586.2000122,567.3499756,582.7999878,18446
2022-07-15 00:00:00+00:00,562.9101563,570.5499878,575.9500122,566.9500122,571.5499878,10210
2022-07-18 00:00:00+00:00,562.7128906,570.3499756,578,568.2000122,577.9000244,29124
2022-07-19 00:00:00+00:00,562.3676147,570,577.6500244,567.0499878,575,20472
2022-07-20 00:00:00+00:00,561.085022,568.7000122,586.1500244,560.5499878,574,57231
2022-07-21 00:00:00+00:00,571.0497437,578.7999878,583.5999756,572.3499756,575.9500122,20785
2022-07-22 00:00:00+00:00,567.7940063,575.5,583.7999878,572.7000122,578.7999878,23319
2022-07-25 00:00:00+00:00,562.0716553,569.7000122,575.9500122,562.1500244,575.9500122,36305
2022-07-26 00:00:00+00:00,545.1512451,552.5499878,569.7999878,550,569.7999878,27239
2022-07-27 00:00:00+00:00,542.5861206,549.9500122,557.9000244,546.0499878,557.9000244,12842
2022-07-28 00:00:00+00:00,556.1519775,563.7000122,566.3499756,551,555.0499878,22672
2022-07-29 00:00:00+00:00,560.6410522,568.25,575.6500244,546.8499756,550.5499878,126089
2022-08-01 00:00:00+00:00,587.6741943,595.6500244,604,566.5499878,572.9000244,66756
2022-08-02 00:00:00+00:00,578.6466675,586.5,601.2000122,585,595.6500244,36880
2022-08-03 00:00:00+00:00,577.3640137,585.2000122,590.2000122,579.5999756,589.4000244,15663
2022-08-04 00:00:00+00:00,567.9420776,575.6500244,607.6500244,573,588.0499878,81360
2022-08-05 00:00:00+00:00,549.7883911,557.25,581.2000122,555.0499878,575,36408
2022-08-08 00:00:00+00:00,554.0307617,561.5499878,571,556.8499756,560,36697
2022-08-10 00:00:00+00:00,559.7037964,567.2999878,573.3499756,562.25,566.9500122,50053
2022-08-11 00:00:00+00:00,555.609375,563.1500244,575.9500122,560,572.0499878,14268
2022-08-12 00:00:00+00:00,562.2689819,569.9000244,572.2000122,557.4500122,562,50611
2022-08-16 00:00:00+00:00,562.5648804,570.2000122,575.2000122,558.5,571.0999756,84589
2022-08-17 00:00:00+00:00,531.8812866,539.0999756,582,528.3499756,573,143047
2022-08-18 00:00:00+00:00,510.4719849,517.4000244,534,505,524,98236650
2022-08-19 00:00:00+00:00,513.9250488,520.9000244,529.6500244,519.0999756,525,347937
2022-08-22 00:00:00+00:00,516.6876221,523.7000122,531.9500122,516.0499878,522,327469
2022-08-23 00:00:00+00:00,525.1231079,532.25,537.75,518,523.7000122,814017
2022-08-24 00:00:00+00:00,520.5846558,527.6500244,537.4500122,524.2999878,535.0499878,191485
2022-08-25 00:00:00+00:00,516.5889282,523.5999756,534,521.6500244,525.4000244,203337
2022-08-26 00:00:00+00:00,523.4951172,530.5999756,535.5,521.5999756,526.5999756,134296
2022-08-29 00:00:00+00:00,511.8531494,518.7999878,525.0999756,514.0999756,514.0999756,116045
2022-08-30 00:00:00+00:00,515.010376,522,525.0999756,520,522.0499878,37292
2022-09-01 00:00:00+00:00,519.6473389,526.7000122,528.25,510.1499939,522,138143
2022-09-02 00:00:00+00:00,516.4902344,523.5,528.3499756,520.25,527.4000244,43711
2022-09-05 00:00:00+00:00,515.257019,522.25,528.5,520.75,525,45650
2022-09-06 00:00:00+00:00,512.8398438,519.7999878,525.0499878,516.75,525,41464
2022-09-07 00:00:00+00:00,519.8447266,526.9000244,533.2000122,515,515,142798
2022-09-08 00:00:00+00:00,518.463501,525.5,532,524.0999756,531,59456
2022-09-09 00:00:00+00:00,519.9926758,527.0499878,532.6500244,524.5,527.2000122,89423
2022-09-12 00:00:00+00:00,518.5620728,525.5999756,531.2000122,524.75,528,107557
2022-09-13 00:00:00+00:00,536.8143921,544.0999756,548.25,526.5499878,531,163218
2022-09-14 00:00:00+00:00,521.9165649,529,538.7000122,527.4000244,534.7000122,169297
2022-09-15 00:00:00+00:00,519.1540527,526.2000122,534,524.0499878,534,90355
2022-09-16 00:00:00+00:00,508.9426575,515.8499756,525.4500122,508.2000122,522.0499878,129741
2022-09-19 00:00:00+00:00,507.8574219,514.75,519.8499756,512.8499756,516.8499756,82113
2022-09-20 00:00:00+00:00,507.5614319,514.4500122,524.4000244,513.0499878,518.9000244,30634
2022-09-21 00:00:00+00:00,489.9997559,496.6499939,516.9000244,486.0499878,516.7999878,98127
2022-09-22 00:00:00+00:00,472.5367737,478.9500122,499.9500122,468.6000061,499.9500122,199645
2022-09-23 00:00:00+00:00,472.8820801,479.2999878,493.7999878,469.2999878,482,145290
2022-09-26 00:00:00+00:00,460.845459,467.1000061,474.4500122,463,470.1000061,194430
2022-09-27 00:00:00+00:00,458.4282532,464.6499939,480.7000122,461,475.0499878,66906
2022-09-28 00:00:00+00:00,455.8630676,462.0499878,473.3999939,458,463.4500122,128236
2022-09-29 00:00:00+00:00,462.3746948,468.6499939,472.1000061,464,466.9500122,34221
2022-09-30 00:00:00+00:00,457.5403137,463.75,470.8500061,455.3500061,470.8500061,62322
2022-10-03 00:00:00+00:00,452.8046265,458.9500122,466.75,453.0499878,463.75,95007
2022-10-04 00:00:00+00:00,462.5226746,468.7999878,472.5,460.0499878,469.4500122,74147
2022-10-06 00:00:00+00:00,467.8010559,474.1499939,484.2000122,470,470,108932
2022-10-07 00:00:00+00:00,465.137207,471.4500122,477.5,468.25,475.8999939,58771
2022-10-10 00:00:00+00:00,459.3655396,465.6000061,469.2000122,464.0499878,465,16984
2022-10-11 00:00:00+00:00,454.9750977,461.1499939,471,460,465.1000061,57881
2022-10-12 00:00:00+00:00,456.6029968,462.7999878,465.5,455.3999939,463.9500122,50313
2022-10-13 00:00:00+00:00,454.4818115,460.6499939,465.2999878,456.3500061,464,17976
2022-10-14 00:00:00+00:00,453.8898315,460.0499878,470,457,470,39089
2022-10-17 00:00:00+00:00,453.5445251,459.7000122,465.9500122,454.3999939,458.0499878,47265
2022-10-18 00:00:00+00:00,458.5762329,464.7999878,467.0499878,459.7000122,463.9500122,20790
2022-10-19 00:00:00+00:00,479.2950134,485.7999878,488.2999878,465.7999878,467.8999939,164237
2022-10-20 00:00:00+00:00,477.8644714,484.3500061,496.9500122,478.7999878,480,128590
2022-10-21 00:00:00+00:00,471.1555176,477.5499878,490.3999939,473.1000061,488.8999939,93017
2022-10-24 00:00:00+00:00,477.1245422,483.6000061,485.2000122,479.8999939,484.7999878,24593
2022-10-25 00:00:00+00:00,475.6939392,482.1499939,493.2000122,480.25,483,29525
2022-10-27 00:00:00+00:00,472.1421204,478.5499878,487.5,477.0499878,482.5499878,58786
2022-10-28 00:00:00+00:00,458.3295593,464.5499878,482.0499878,461.1000061,478.7999878,36825
2022-10-31 00:00:00+00:00,459.2668762,465.5,476.1499939,460.5499878,472.75,119050
2022-11-01 00:00:00+00:00,468.3930054,474.75,485.9500122,468,468.9500122,174867
2022-11-02 00:00:00+00:00,464.3972473,470.7000122,478,467.0499878,476.9500122,56730
2022-11-03 00:00:00+00:00,459.95755,466.2000122,470.6000061,465.2000122,468.5,15630
2022-11-04 00:00:00+00:00,454.8271484,461,471.9500122,460.1000061,468,72865
2022-11-07 00:00:00+00:00,453.4952087,459.6499939,466.7000122,458,461,84088
2022-11-09 00:00:00+00:00,453.1005554,459.25,464.5,453.6499939,463,94895
2022-11-10 00:00:00+00:00,449.598114,455.7000122,458.8500061,451,456.1499939,26990
2022-11-11 00:00:00+00:00,451.9659729,458.1000061,464.2000122,456.6000061,461,65711
2022-11-14 00:00:00+00:00,449.2527771,455.3500061,463.2999878,454,460,30890
2022-11-15 00:00:00+00:00,442.7411499,448.75,457,445.6000061,455.3500061,106389
2022-11-16 00:00:00+00:00,441.5079346,447.5,450.9500122,443.1499939,445,87400
2022-11-17 00:00:00+00:00,439.1400757,445.1000061,449.7999878,438.1000061,444.0499878,106567
2022-11-18 00:00:00+00:00,439.7319946,445.7000122,456.6499939,441.8500061,446.9500122,52928
2022-11-21 00:00:00+00:00,431.5431213,437.3999939,446.7000122,435.75,444.9500122,72537
2022-11-22 00:00:00+00:00,429.9152527,435.75,439,432.4500122,437.5499878,23874
2022-11-23 00:00:00+00:00,423.8475952,429.6000061,441.2999878,426.4500122,436.5499878,27286
2022-11-24 00:00:00+00:00,439.830658,445.7999878,455.9500122,427.2999878,429.6000061,169381
2022-11-25 00:00:00+00:00,436.5255127,442.4500122,447.8500061,438.6000061,447.8500061,30122
2022-11-28 00:00:00+00:00,444.6650391,450.7000122,453.7000122,439.8999939,443.6000061,31813
2022-11-29 00:00:00+00:00,444.5170593,450.5499878,453.75,447.3500061,453.25,23916
2022-11-30 00:00:00+00:00,448.4634705,454.5499878,461.3500061,450.5499878,450.6000061,90454
2022-12-01 00:00:00+00:00,456.9483643,463.1499939,465,454,457,79357
2022-12-02 00:00:00+00:00,455.7150574,461.8999939,467.8999939,458.6000061,464.6499939,31275
2022-12-05 00:00:00+00:00,454.1364746,460.2999878,463.3999939,457.8999939,462.0499878,17958
2022-12-06 00:00:00+00:00,453.5938416,459.75,463.5,456.75,459.5499878,42250
2022-12-07 00:00:00+00:00,453.8898315,460.0499878,461.5499878,455.7999878,457.0499878,40418
2022-12-08 00:00:00+00:00,443.530426,449.5499878,463.4500122,447,463.4500122,24329
2022-12-09 00:00:00+00:00,432.7270813,438.6000061,456.5,437.1000061,452.8999939,68409
2022-12-12 00:00:00+00:00,431.7404785,437.6000061,439.8999939,430,438.7000122,64280
2022-12-13 00:00:00+00:00,444.0237427,450.0499878,452,438.6000061,440,101808
2022-12-14 00:00:00+00:00,472.4874573,478.8999939,483.1000061,452.5,453.9500122,203735
2022-12-15 00:00:00+00:00,458.4775696,464.7000122,483.3500061,462,483,52142
2022-12-16 00:00:00+00:00,446.7862549,452.8500061,461.1499939,451.3999939,460.2000122,96468
2022-12-19 00:00:00+00:00,452.0646362,458.2000122,466,448.7999878,452.75,85838
2022-12-20 00:00:00+00:00,447.1809082,453.25,459.75,452.2999878,459.75,33256
2022-12-21 00:00:00+00:00,430.0632324,435.8999939,456.5499878,432.2999878,453.5499878,49152
2022-12-22 00:00:00+00:00,417.8292847,423.5,438.9500122,421.4500122,436.9500122,133536
2022-12-23 00:00:00+00:00,395.3838806,400.75,421.5499878,399.2999878,418.2000122,211925
2022-12-26 00:00:00+00:00,405.2993164,410.7999878,418,397.3500061,400.7999878,115697
2022-12-27 00:00:00+00:00,418.4212646,424.1000061,425.6000061,410.7999878,417.4500122,66495
2022-12-28 00:00:00+00:00,413.7841797,419.3999939,429.5499878,418,421.1000061,28498
2022-12-29 00:00:00+00:00,411.5149841,417.1000061,423.25,410.8500061,418,61143
2022-12-30 00:00:00+00:00,414.0801697,419.7000122,428.6000061,417.75,420.1000061,63984
2023-01-02 00:00:00+00:00,413.6854858,419.2999878,424.7000122,417.7999878,420.0499878,40826
2023-01-03 00:00:00+00:00,410.0843811,415.6499939,425.2000122,414.6499939,419.2999878,57632
2023-01-04 00:00:00+00:00,404.9046631,410.3999939,417.9500122,409.0499878,417.9500122,65892
2023-01-05 00:00:00+00:00,409.2950745,414.8500061,418.3999939,407.2999878,415,66760
2023-01-06 00:00:00+00:00,412.1562805,417.75,429.1499939,411.2000122,417,34419
2023-01-09 00:00:00+00:00,416.8426514,422.5,425,416.5,417.8500061,52486
2023-01-10 00:00:00+00:00,441.5079346,447.5,458.8999939,431.5499878,446,534543
2023-01-11 00:00:00+00:00,421.4303894,427.1499939,452,425.0499878,452,271878
2023-01-12 00:00:00+00:00,422.9102783,428.6499939,435.75,425.5,427.2000122,43396
2023-01-13 00:00:00+00:00,419.9504395,425.6499939,432.7999878,417.0499878,432.7999878,112993
2023-01-16 00:00:00+00:00,415.017395,420.6499939,432.9500122,419,429.5,69663
2023-01-17 00:00:00+00:00,412.6989136,418.2999878,422.5,416.1000061,420.7000122,46369
2023-01-18 00:00:00+00:00,414.3268127,419.9500122,420.9500122,416.2999878,419.8500061,13277
2023-01-19 00:00:00+00:00,409.0977478,414.6499939,420,411.0499878,420,29926
2023-01-20 00:00:00+00:00,402.5861206,408.0499878,415.7000122,407.4500122,414.0499878,57320
2023-01-23 00:00:00+00:00,412.2055664,417.7999878,419,408.2000122,408.2000122,57689
2023-01-24 00:00:00+00:00,426.4128113,432.2000122,435.9500122,416.1000061,421.9500122,117363
2023-01-25 00:00:00+00:00,449.3514709,455.4500122,460.9500122,436.7999878,442.0499878,133021
2023-01-27 00:00:00+00:00,445.553009,451.6000061,464.4500122,444.7000122,454.0499878,226596
2023-01-30 00:00:00+00:00,435.5389404,441.4500122,454.5,438.4500122,450.0499878,110446
2023-01-31 00:00:00+00:00,443.8264465,449.8500061,454.9500122,443.8500061,446.8500061,33702
2023-02-01 00:00:00+00:00,449.894104,456,469.25,440.75,450.25,112551
2023-02-02 00:00:00+00:00,445.4543152,451.5,460.2000122,447.25,456.9500122,34503
2023-02-03 00:00:00+00:00,439.9927673,444.7000122,458.1499939,442.7999878,455.9500122,82860
2023-02-06 00:00:00+00:00,467.5580444,471.2000122,477.8500061,442.3999939,443,101663
2023-02-07 00:00:00+00:00,454.1624146,457.7000122,474.9500122,450,473.8999939,55390
2023-02-08 00:00:00+00:00,465.1766052,468.7999878,473.5499878,459.4500122,459.7999878,49419
2023-02-09 00:00:00+00:00,461.3067627,464.8999939,470.1000061,456.8999939,468.7999878,27800
2023-02-10 00:00:00+00:00,459.3718567,462.9500122,473,460,462.5,67376
2023-02-13 00:00:00+00:00,448.9033508,452.3999939,467.1000061,450,467.1000061,61327
2023-02-14 00:00:00+00:00,446.5219116,450,455.2000122,444.8500061,452,30987
2023-02-15 00:00:00+00:00,457.9330139,461.5,464.3999939,447.1000061,453.9500122,29301
2023-02-16 00:00:00+00:00,460.1656189,463.75,470.7000122,462.25,464.9500122,68470
2023-02-17 00:00:00+00:00,458.3795776,461.9500122,470.1499939,460.0499878,462,20644
2023-02-20 00:00:00+00:00,468.3518982,472,477.75,458.0499878,458.0499878,38926
2023-02-21 00:00:00+00:00,461.9517212,465.5499878,477.7999878,463.5,476.3999939,23866
2023-02-22 00:00:00+00:00,453.8647156,457.3999939,468.4500122,455.5499878,466.8500061,17646
2023-02-23 00:00:00+00:00,459.7191162,463.2999878,471.2999878,457.6000061,462,79265
2023-02-24 00:00:00+00:00,457.0895996,460.6499939,467.9500122,458.75,467,23897
2023-02-27 00:00:00+00:00,450.6894836,454.2000122,466.3999939,444.0499878,466.3999939,25892
2023-02-28 00:00:00+00:00,444.8846741,448.3500061,461.9500122,445.8999939,458.9500122,14859
2023-03-01 00:00:00+00:00,456.7919312,460.3500061,462.7000122,449.8500061,454.4500122,45413
2023-03-02 00:00:00+00:00,450.2925415,453.7999878,466.5,451.3999939,461,49145
2023-03-03 00:00:00+00:00,451.9794312,455.5,464.5,453.75,459.9500122,59637
2023-03-06 00:00:00+00:00,455.0057983,458.5499878,462.2999878,454.25,457,15134
2023-03-08 00:00:00+00:00,449.1514282,452.6499939,463.5,450.9500122,454,53770
2023-03-09 00:00:00+00:00,443.2474365,446.7000122,458.7999878,445.1499939,453,26045
2023-03-10 00:00:00+00:00,432.630127,436,453.9500122,431.2000122,444.1499939,97904
2023-03-13 00:00:00+00:00,402.6635132,405.7999878,424.9500122,403.5,414.25,123664500
2023-03-14 00:00:00+00:00,427.7183838,431.0499878,436.25,410.1499939,415.1000061,289730
2023-03-15 00:00:00+00:00,419.6313782,422.8999939,442.2000122,418,438,232827
2023-03-16 00:00:00+00:00,410.5520935,413.75,424.0499878,406.8500061,423.2000122,107545
2023-03-17 00:00:00+00:00,413.9754639,417.2000122,423,411.2999878,421,145671
2023-03-20 00:00:00+00:00,400.6293945,403.75,420,401.1000061,420,52885
2023-03-21 00:00:00+00:00,405.6403503,408.7999878,410.8500061,405.0499878,405.7999878,33414
2023-03-22 00:00:00+00:00,410.6017151,413.7999878,415.6499939,409.3500061,409.3500061,34925
2023-03-23 00:00:00+00:00,410.3040161,413.5,424.3500061,410.8500061,412.0499878,113458
2023-03-24 00:00:00+00:00,407.3768311,410.5499878,418.4500122,406.9500122,416,33808
2023-03-27 00:00:00+00:00,411.3458862,414.5499878,415.3999939,405.1000061,410.7999878,39021
2023-03-28 00:00:00+00:00,400.9766846,404.1000061,414.1000061,401.1000061,414.1000061,75928
2023-03-29 00:00:00+00:00,411.4451294,414.6499939,416,405.2999878,409.9500122,70767
2023-03-31 00:00:00+00:00,409.9567261,413.1499939,424.3999939,412.0499878,415,51647
2023-04-03 00:00:00+00:00,416.5553284,419.7999878,422.0499878,414.0499878,414.0499878,36043
2023-04-05 00:00:00+00:00,418.4406738,421.7000122,424.2999878,419.2999878,419.9500122,55295
2023-04-06 00:00:00+00:00,420.177124,423.4500122,426.6000061,417.25,420,26052
2023-04-10 00:00:00+00:00,415.4638367,418.7000122,426.5,418,426,61122
2023-04-11 00:00:00+00:00,419.532135,422.7999878,425.6499939,420,423.4500122,34383
2023-04-12 00:00:00+00:00,429.1571655,432.5,440.9500122,422.7999878,424.8500061,161615
2023-04-13 00:00:00+00:00,440.9155884,444.3500061,445.2999878,431.1000061,433,100131
2023-04-17 00:00:00+00:00,455.6508179,459.2000122,462,437.5499878,440.0499878,171447
2023-04-18 00:00:00+00:00,464.3827515,468,470.9500122,458.1499939,460,147686
2023-04-19 00:00:00+00:00,461.2075195,464.7999878,470,457.1499939,470,57594
2023-04-20 00:00:00+00:00,473.9085999,477.6000061,479.5,461.1000061,461.1000061,167820
2023-04-21 00:00:00+00:00,462.5967102,466.2000122,478.2999878,462.3500061,478.2999878,33042
2023-04-24 00:00:00+00:00,454.5096741,458.0499878,467.25,453.25,467,31723
2023-04-25 00:00:00+00:00,456.5438538,460.1000061,466.9500122,457.7999878,458.2999878,55092
2023-04-26 00:00:00+00:00,461.2571716,464.8500061,466,455.0499878,455.0499878,52426
2023-04-27 00:00:00+00:00,467.6076355,471.25,473.75,462.7000122,467.9500122,35986
2023-04-28 00:00:00+00:00,476.3892822,480.1000061,489.7999878,474.5499878,474.9500122,171341
2023-05-02 00:00:00+00:00,483.4344177,487.2000122,493.5,480.3500061,480.3500061,111282
2023-05-03 00:00:00+00:00,485.1212463,488.8999939,498.5499878,482.2000122,487,110906
2023-05-04 00:00:00+00:00,493.6547852,497.5,507,488.2999878,501.0499878,204438
2023-05-05 00:00:00+00:00,496.1850586,500.0499878,511.75,493,496.0499878,111400
2023-05-08 00:00:00+00:00,516.0304565,520.0499878,527.5499878,503.1000061,503.1000061,108424
2023-05-09 00:00:00+00:00,517.4692993,521.5,527.4000244,516.25,520.0499878,220666
2023-05-10 00:00:00+00:00,535.9255371,540.0999756,545.4000244,520,522.0999756,145153
2023-05-11 00:00:00+00:00,543.1691284,547.4000244,554,538,545.4000244,289230
2023-05-12 00:00:00+00:00,529.6742554,533.7999878,573,530,568,448101
2023-05-15 00:00:00+00:00,542.5737305,546.7999878,552,524.2000122,534.3499756,95434
2023-05-16 00:00:00+00:00,538.5550537,542.75,554.9500122,541,554.9500122,442479
2023-05-17 00:00:00+00:00,529.0789185,533.2000122,542.75,526.5499878,542.75,62257
2023-05-19 00:00:00+00:00,531.5099487,535.6500244,544.6500244,518.25,521,209316
2023-05-22 00:00:00+00:00,524.8120728,528.9000244,542,528,531,42161
2023-05-23 00:00:00+00:00,525.6555786,529.75,544.75,528.5,534.9500122,108639
2023-05-24 00:00:00+00:00,528.8804321,533,538.9500122,527.3499756,531.9500122,62975
2023-05-25 00:00:00+00:00,524.1670532,528.25,541.0999756,525.9500122,533.8499756,132167
2023-05-26 00:00:00+00:00,536.4216309,540.5999756,547.7999878,528.2999878,528.2999878,132571
2023-05-30 00:00:00+00:00,528.9300537,533.0499878,544.0999756,532,543.2000122,94641
2023-05-31 00:00:00+00:00,531.9563599,536.0999756,572.75,503.9500122,512.0499878,2610569
2023-06-01 00:00:00+00:00,526.4493408,530.5499878,546.9500122,525.8499756,541.9500122,179285
2023-06-02 00:00:00+00:00,527.5904541,531.7000122,538.4500122,527.8499756,538.4500122,132712
2023-06-05 00:00:00+00:00,524.7623901,528.8499756,538.0999756,525.3499756,532.0999756,87916
2023-06-06 00:00:00+00:00,523.8694458,527.9500122,534.9500122,523.75,532,46873
2023-06-07 00:00:00+00:00,528.781189,532.9000244,534.75,527.6500244,531,55834
2023-06-08 00:00:00+00:00,526.6973877,530.7999878,543.9500122,528.5999756,532.9000244,78685
2023-06-09 00:00:00+00:00,532.7006836,536.8499756,540,528.8499756,534,97462
2023-06-12 00:00:00+00:00,525.1098022,529.2000122,536.8499756,526.7000122,536.5,75954
2023-06-13 00:00:00+00:00,525.5066528,529.5999756,534.2000122,528.1500244,532.2000122,63448
2023-06-14 00:00:00+00:00,505.9093018,509.8500061,533,507.8999939,533,60614
2023-06-15 00:00:00+00:00,510.1761169,514.1500244,519,510.1000061,510.1000061,92388
2023-06-16 00:00:00+00:00,516.1297607,520.1500244,523,514.25,517.8499756,34187
2023-06-19 00:00:00+00:00,518.0646362,522.0999756,529.9000244,520,521,90059
2023-06-20 00:00:00+00:00,511.9621887,515.9500122,524.3499756,514.8499756,522.2000122,47861
2023-06-21 00:00:00+00:00,509.1341553,513.0999756,525,508.0499878,516,109530
2023-06-22 00:00:00+00:00,510.2752991,514.25,521,512.0999756,516.9500122,75448
2023-06-23 00:00:00+00:00,502.9325256,506.8500061,521,505,515.0999756,81579
2023-06-26 00:00:00+00:00,512.0117798,516,518,508.5,509.9500122,25704
2023-06-27 00:00:00+00:00,514.9886475,519,522.1500244,516.6500244,520.8499756,19466
2023-06-28 00:00:00+00:00,510.8210754,514.7999878,529.6500244,513.4000244,519.0499878,32674
2023-06-30 00:00:00+00:00,513.1897583,515.6500244,517.2000122,508.1000061,515.4500122,31771
2023-07-07 00:00:00+00:00,532.7956543,535.3499756,540.0499878,524,528,111917
2023-07-10 00:00:00+00:00,531.5018921,534.0499878,543.7000122,531.7000122,538.4500122,149052
2023-07-14 00:00:00+00:00,544.5892334,547.2000122,552,543.1500244,548.9000244,99287
2023-07-17 00:00:00+00:00,541.6035156,544.2000122,551.3499756,539.0499878,547.2999878,33604
2023-07-19 00:00:00+00:00,551.7548828,554.4000244,557.25,538.5499878,538.5499878,71882
2023-07-20 00:00:00+00:00,560.5128174,563.2000122,565,555.0499878,555.0499878,158243
2023-07-21 00:00:00+00:00,569.5196533,572.25,580.7000122,560.8499756,563.5999756,78227
2023-07-24 00:00:00+00:00,578.0786133,580.8499756,582.8499756,565.6500244,573,184830
2023-07-26 00:00:00+00:00,594.4003296,597.25,603.9500122,591.0499878,598.9500122,138602
2023-07-28 00:00:00+00:00,562.1549072,564.8499756,604.9500122,559.7999878,598.75,355288
2023-08-03 00:00:00+00:00,561.0601807,563.75,567.0499878,549.2000122,550.9500122,52143
2023-08-04 00:00:00+00:00,555.2380981,557.9000244,567.9500122,553.5499878,567.9500122,63908
2023-08-07 00:00:00+00:00,553.5462646,556.2000122,560,553.2000122,557.9000244,49863
2023-08-08 00:00:00+00:00,555.3375854,558,561.9500122,552.5999756,557,22826
2023-08-09 00:00:00+00:00,551.6055298,554.25,560.3499756,550.5999756,550.5999756,43038
2023-08-10 00:00:00+00:00,558.0745239,560.75,562.4500122,555,555.7999878,24813
2023-08-11 00:00:00+00:00,552.7002563,555.3499756,560.75,553.7000122,560.75,47097
2023-08-14 00:00:00+00:00,546.7786865,549.4000244,553.4500122,535.5,553.0499878,31893
2023-08-16 00:00:00+00:00,551.4561768,554.0999756,560.0499878,545.4500122,545.4500122,49433
2023-08-17 00:00:00+00:00,564.5435181,567.25,572,555,565.2999878,55079
2023-08-18 00:00:00+00:00,563.6975708,566.4000244,576.7999878,564.8499756,567.2999878,101112
2023-08-21 00:00:00+00:00,588.0308838,590.8499756,594.75,566.4500122,566.4500122,62209
2023-08-22 00:00:00+00:00,608.6321411,611.5499878,616.5,593.7999878,595.9000244,119499
2023-08-23 00:00:00+00:00,584.1494751,586.9500122,626,581,616.4500122,268770
2023-08-24 00:00:00+00:00,587.0356445,589.8499756,599.75,587,590.0499878,177399
2023-08-25 00:00:00+00:00,583.6519165,586.4500122,590.4000244,573.5,586.0499878,92318
2023-08-28 00:00:00+00:00,587.2844238,590.0999756,594.5499878,585,586.5,57568
2023-08-29 00:00:00+00:00,577.0335693,579.7999878,591.5499878,578.5499878,590.4500122,47510
2023-08-30 00:00:00+00:00,576.2871704,579.0499878,585,573.7999878,579.8499756,25203
2023-08-31 00:00:00+00:00,593.7036743,596.5499878,605.6500244,577.7999878,579.0499878,57687
2023-09-01 00:00:00+00:00,589.175415,592,598.7000122,588.2999878,596.6500244,66193
2023-09-04 00:00:00+00:00,580.2680664,583.0499878,596.4500122,582,593.0499878,40781
2023-09-05 00:00:00+00:00,575.9389038,578.7000122,593.6500244,578,590,25629
2023-09-06 00:00:00+00:00,572.2565308,575,586.8499756,573.1500244,584.9500122,28409
2023-09-07 00:00:00+00:00,580.9150391,583.7000122,593.5,575.4500122,579,39980
2023-09-08 00:00:00+00:00,588.5783081,591.4000244,593,581.4500122,587.25,76201
2023-09-11 00:00:00+00:00,602.7603149,605.6500244,607.7000122,587.5999756,591.4500122,47400
2023-09-12 00:00:00+00:00,580.4671631,583.25,609.75,573,608,156868
2023-09-13 00:00:00+00:00,567.8775024,570.5999756,585.5499878,566.0999756,584,48835
2023-09-14 00:00:00+00:00,584.2490234,587.0499878,594.3499756,583.9000244,587.5499878,41583
2023-09-15 00:00:00+00:00,596.1420288,599,601.4000244,582.2000122,590.4500122,99218
2023-09-18 00:00:00+00:00,595.9429932,598.7999878,600,587.0999756,598.9500122,29200
2023-09-20 00:00:00+00:00,600.2722778,603.1500244,612.9000244,587.1500244,590.0999756,54031
2023-09-21 00:00:00+00:00,588.4290161,591.25,617.9500122,585.2999878,599.75,69245
2023-09-22 00:00:00+00:00,577.382019,580.1500244,595.4500122,578.75,595,56889
2023-09-25 00:00:00+00:00,566.2354126,568.9500122,585,567.75,582,64629
2023-09-26 00:00:00+00:00,575.0928955,577.8499756,584.8499756,572.4500122,573,18331
2023-09-27 00:00:00+00:00,587.3342285,590.1500244,592.7000122,577.0499878,584.9500122,51201
2023-09-28 00:00:00+00:00,577.979126,580.75,595.9500122,578.4500122,595.9500122,19846
2023-09-29 00:00:00+00:00,580.4174194,583.2000122,587,580.3499756,584.9000244,34465
2023-10-03 00:00:00+00:00,582.6566772,585.4500122,586.6500244,577.2000122,580.1500244,11436
2023-10-04 00:00:00+00:00,570.1167603,572.8499756,584.6500244,572,580,52593
2023-10-05 00:00:00+00:00,569.6191406,572.3499756,578.9500122,570.1500244,576.0499878,23553
2023-10-06 00:00:00+00:00,566.0860596,568.7999878,578.2000122,566.7000122,572.25,18229
2023-10-09 00:00:00+00:00,552.7998047,555.4500122,566.5,550.4000244,565,23868
2023-10-10 00:00:00+00:00,551.5557861,554.2000122,563.1500244,551.2000122,555.5,51895
2023-10-11 00:00:00+00:00,557.4276123,560.0999756,568.4000244,555.5999756,555.5999756,22919
2023-10-12 00:00:00+00:00,557.8754272,560.5499878,565.9000244,558.8499756,560.0499878,42544
2023-10-13 00:00:00+00:00,557.477417,560.1500244,561.3499756,557,560,14640
2023-10-16 00:00:00+00:00,556.581665,559.25,563.75,557.4500122,558.0499878,32371
2023-10-17 00:00:00+00:00,556.880249,559.5499878,567.5999756,555.9000244,567.5999756,16473
2023-10-18 00:00:00+00:00,555.4869995,558.1500244,563.75,551.5999756,560.6500244,51993
2023-10-19 00:00:00+00:00,546.7288818,549.3499756,556.9000244,548.75,555,17792
2023-10-20 00:00:00+00:00,537.9211426,540.5,550.6500244,536.0499878,549.0499878,18044
2023-10-23 00:00:00+00:00,506.7207031,509.1499939,544.4500122,505.75,540.6500244,137526
2023-10-25 00:00:00+00:00,510.3035278,512.75,517.25,489,509.2000122,127963
2023-10-26 00:00:00+00:00,544.4398193,547.0499878,553.7000122,518,527.75,450261
2023-10-27 00:00:00+00:00,548.4208374,551.0499878,563,544.5499878,547.8499756,170450
2023-10-30 00:00:00+00:00,543.8427124,546.4500122,555,542.7000122,554.0999756,23894
2023-10-31 00:00:00+00:00,538.5680542,541.1500244,556,540.0999756,553.9500122,20755
2023-11-01 00:00:00+00:00,539.7622681,542.3499756,550.8499756,541.1500244,543.4500122,12163
2023-11-02 00:00:00+00:00,538.6675415,541.25,548.3499756,539.4000244,543.0999756,8389
2023-11-03 00:00:00+00:00,545.8829956,548.5,549.5,540.5,544.25,12840
2023-11-06 00:00:00+00:00,552.899353,555.5499878,559,546.75,550.0499878,45178
2023-11-07 00:00:00+00:00,561.2592773,563.9500122,565,555.0999756,560,17524
2023-11-08 00:00:00+00:00,559.6668701,562.3499756,569.25,560,569.25,34157
2023-11-09 00:00:00+00:00,562.9511719,565.6500244,566.7000122,555.9000244,560.0499878,16402
2023-11-10 00:00:00+00:00,562.0554199,564.75,567.9000244,558.4500122,558.4500122,39819
2023-11-13 00:00:00+00:00,557.178772,559.8499756,572,558,570.75,43737
2023-11-15 00:00:00+00:00,586.4882813,589.2999878,592.4000244,564.0499878,565.0499878,48461
2023-11-16 00:00:00+00:00,576.0383911,578.7999878,604.25,575.4500122,590.0499878,128665
2023-11-17 00:00:00+00:00,583.3533325,586.1500244,590.2999878,577.4500122,581.8499756,33621
2023-11-20 00:00:00+00:00,576.8345337,579.5999756,592,575.75,589.9500122,48875
2023-11-21 00:00:00+00:00,582.4576416,585.25,598.4500122,568.8499756,580,128625
2023-11-22 00:00:00+00:00,575.3417358,578.0999756,591.9500122,574.25,591.9500122,17344
2023-11-23 00:00:00+00:00,573.3014526,576.0499878,582.3499756,574.0999756,580,11477
2023-11-24 00:00:00+00:00,565.3894043,568.0999756,578.1500244,567.0999756,576,44902
2023-11-28 00:00:00+00:00,554.9395142,557.5999756,573.9000244,555.5,570.0499878,30937
2023-11-29 00:00:00+00:00,552.1528931,554.7999878,564.6500244,551.25,564.6500244,18020
2023-11-30 00:00:00+00:00,554.3921509,557.0499878,562.5499878,550.0499878,550.0499878,95402
2023-12-01 00:00:00+00:00,558.8209229,561.5,566,556.75,560.0499878,25445
2023-12-04 00:00:00+00:00,559.9655151,562.6500244,572,559,563.0499878,20296
2023-12-05 00:00:00+00:00,576.0383911,578.7999878,579.5999756,562.6500244,562.6500244,152144
2023-12-06 00:00:00+00:00,569.6191406,572.3499756,585,569.25,584.4500122,86390
2023-12-07 00:00:00+00:00,574.7446289,577.5,584.5,572.4000244,572.4000244,79090
2023-12-08 00:00:00+00:00,569.270813,572,583.3499756,570.8499756,580,52402
2023-12-11 00:00:00+00:00,566.9321289,569.6500244,572.4500122,566,570.25,46493
2023-12-12 00:00:00+00:00,554.6409302,557.2999878,570.9000244,554.0999756,570,24671
2023-12-13 00:00:00+00:00,553.496521,556.1500244,562.9000244,552.9000244,560.2999878,23115
2023-12-14 00:00:00+00:00,555.1385498,557.7999878,562.0499878,555.75,560.9500122,51873
2023-12-15 00:00:00+00:00,550.4609985,553.0999756,561.1500244,548.5999756,558.0999756,31998
2023-12-18 00:00:00+00:00,559.7664185,562.4500122,570.9500122,553,554.2000122,139915
2023-12-19 00:00:00+00:00,557.6763916,560.3499756,567.8499756,559.4500122,567.2999878,19742
2023-12-20 00:00:00+00:00,535.0349731,537.5999756,567.4000244,534,565,161923
2023-12-21 00:00:00+00:00,568.4249268,571.1500244,572.6500244,532,535.25,79079
2023-12-22 00:00:00+00:00,574.4957886,577.25,581.4000244,571.75,575,35528
2023-12-26 00:00:00+00:00,576.4364624,579.2000122,589.4500122,575.9000244,577.4000244,108621
2023-12-27 00:00:00+00:00,611.5680542,614.5,625,580.0999756,580.0999756,767686
2023-12-28 00:00:00+00:00,629.7807617,632.7999878,636.7000122,607.5,618.8499756,526148
2023-12-29 00:00:00+00:00,641.4249268,644.5,651.3499756,633.5999756,639.75,342136
2024-01-01 00:00:00+00:00,642.1713257,645.25,657.4500122,640,646.9500122,181014
2024-01-02 00:00:00+00:00,638.2401733,641.2999878,651.4000244,630.0499878,645.2999878,86617
2024-01-03 00:00:00+00:00,634.309021,637.3499756,645.9500122,631,645.9500122,41331
2024-01-04 00:00:00+00:00,645.5551147,648.6500244,670.2000122,638.25,640.5999756,314451
2024-01-05 00:00:00+00:00,643.9130249,647,662.2000122,644,654.75,132633
2024-01-08 00:00:00+00:00,635.0057373,638.0499878,649.4000244,636,648,32831
2024-01-09 00:00:00+00:00,634.1099854,637.1500244,646.25,632.2000122,644.9500122,17382
2024-01-10 00:00:00+00:00,611.6177979,614.5499878,643.4000244,611.5,638.25,74639
2024-01-11 00:00:00+00:00,603.7555542,606.6500244,624.4500122,605.25,617.7000122,66084
2024-01-12 00:00:00+00:00,602.0635986,604.9500122,610.9000244,602.9500122,608,33282
2024-01-15 00:00:00+00:00,596.4406128,599.2999878,612.5499878,594.7999878,608.1500244,40906
2024-01-16 00:00:00+00:00,586.7370605,589.5499878,599.2999878,585.5499878,599.2999878,51632
2024-01-17 00:00:00+00:00,575.3417358,578.0999756,588,575,585.2000122,32167
2024-01-19 00:00:00+00:00,581.661438,584.4500122,587.5999756,573.3499756,581.8499756,81946
2024-01-23 00:00:00+00:00,577.083374,579.8499756,590.2999878,571.1500244,587.3499756,114089
2024-01-24 00:00:00+00:00,582.9552612,585.75,598.25,578.7999878,597.75,64376
2024-01-25 00:00:00+00:00,582.3581543,585.1500244,590.7999878,578.1500244,586.9000244,93977
2024-01-29 00:00:00+00:00,594.7984619,597.6500244,598.9500122,586.75,587.1500244,24118
2024-01-30 00:00:00+00:00,592.9572754,595.7999878,608,592,598,104542
2024-01-31 00:00:00+00:00,614.8522949,617.7999878,619.7000122,593.2000122,595.1500244,52389
2024-02-01 00:00:00+00:00,625.1529541,628.1500244,632.7999878,619.75,620.1500244,61394
2024-02-02 00:00:00+00:00,626.5462646,629.5499878,644.4000244,619.6500244,630,84232
2024-02-05 00:00:00+00:00,637.7998047,639.2999878,645.75,627.2999878,630.4000244,34408
2024-02-06 00:00:00+00:00,630.5169067,632,646.4000244,625.0999756,635.8499756,28246
2024-02-07 00:00:00+00:00,625.1295776,626.5999756,636.25,621.6500244,633.0499878,67523
2024-02-08 00:00:00+00:00,604.9770508,606.4000244,628.7000122,602.9500122,624.2000122,18277
2024-02-09 00:00:00+00:00,616.7493286,618.2000122,621.5499878,590.5999756,620.8499756,35460
2024-02-12 00:00:00+00:00,593.1547852,594.5499878,628,587.2999878,628,29601
2024-02-13 00:00:00+00:00,581.5820313,582.9500122,599,579,591.1500244,66898
2024-02-14 00:00:00+00:00,605.1266479,606.5499878,613,580,580,25667
2024-02-15 00:00:00+00:00,611.0626831,612.5,617,607.75,616.7999878,52707
2024-02-16 00:00:00+00:00,612.6589355,614.0999756,626,611.6500244,615.75,20561
2024-02-19 00:00:00+00:00,612.6589355,614.0999756,623.3499756,611.7999878,617.0499878,62010
2024-02-20 00:00:00+00:00,637.4506226,638.9500122,656.7000122,619.0499878,619.0499878,175233
2024-02-21 00:00:00+00:00,610.6635742,612.0999756,643.9500122,608,643.9500122,45165
2024-02-22 00:00:00+00:00,611.8109131,613.25,616.7000122,606,615.3499756,18607
2024-02-23 00:00:00+00:00,647.3773193,648.9000244,651.7999878,617.4000244,642.6500244,274544
2024-02-26 00:00:00+00:00,663.6889038,665.25,669.4000244,643.5,651.5499878,77238
2024-02-27 00:00:00+00:00,686.1361084,687.75,695,665,666.8499756,353404
2024-02-28 00:00:00+00:00,658.3015747,659.8499756,691.9500122,655,691.9500122,53393
2024-02-29 00:00:00+00:00,687.8321533,689.4500122,718.5499878,652.75,658.9500122,217029
2024-03-01 00:00:00+00:00,669.1759644,670.75,695,667.5499878,692.0499878,107200
2024-03-04 00:00:00+00:00,671.2710571,672.8499756,697.5499878,671,697.5499878,39940
2024-03-05 00:00:00+00:00,678.5539551,680.1500244,687.2999878,672.4000244,678.5499878,24071
2024-03-06 00:00:00+00:00,679.8508911,681.4500122,686.25,663.5999756,684.5999756,37970
2024-03-07 00:00:00+00:00,682.3450317,683.9500122,695,678,678.0499878,71710
2024-03-11 00:00:00+00:00,699.255249,700.9000244,715,682.1500244,693.4000244,62941
2024-03-12 00:00:00+00:00,683.3925781,685,707.8499756,680.0999756,704,36214
2024-03-13 00:00:00+00:00,642.0397949,643.5499878,686.7999878,603.5999756,681.0499878,187312
2024-03-14 00:00:00+00:00,639.1965332,640.7000122,648,622,632.0499878,110150
2024-03-15 00:00:00+00:00,639.2463989,640.75,647.4000244,626.4000244,644.5999756,97487
2024-03-18 00:00:00+00:00,662.0427246,663.5999756,668.7999878,647.7000122,652.3499756,135222
2024-03-19 00:00:00+00:00,651.717041,653.25,666,648,666,64631
2024-03-20 00:00:00+00:00,636.0040283,637.5,653,630.7999878,645.3499756,42649
2024-03-21 00:00:00+00:00,677.0574951,678.6500244,687.6500244,640.5499878,640.5499878,88605
2024-03-22 00:00:00+00:00,690.2264404,691.8499756,698.4000244,672.0499878,676.0499878,71529
2024-03-26 00:00:00+00:00,697.8086548,699.4500122,704,684.75,688.2999878,147726
2024-03-27 00:00:00+00:00,679.2023926,680.7999878,716,677.9000244,700.0499878,64273
2024-03-28 00:00:00+00:00,703.8943481,705.5499878,711,672,689.3499756,71738
2024-04-01 00:00:00+00:00,682.4946289,684.0999756,713.4000244,682.7000122,711.3499756,35734
2024-04-02 00:00:00+00:00,676.4588623,678.0499878,697.75,676,688.4500122,90313
2024-04-03 00:00:00+00:00,668.1783447,669.75,689.6500244,665,689.6500244,49669
2024-04-04 00:00:00+00:00,661.793335,663.3499756,680.5499878,662.0499878,672.2000122,27299
2024-04-05 00:00:00+00:00,660.5462646,662.0999756,678.7999878,658.8499756,665,92133
2024-04-08 00:00:00+00:00,644.1848145,645.7000122,667.1500244,642.7999878,663.5499878,40715
2024-04-09 00:00:00+00:00,642.6882935,644.2000122,663,643,650.2000122,25562
2024-04-10 00:00:00+00:00,650.1707153,651.7000122,673.0499878,647,651.9500122,128890
2024-04-12 00:00:00+00:00,678.2546387,679.8499756,706.0499878,658.5499878,658.5499878,541220
2024-04-15 00:00:00+00:00,664.4869995,666.0499878,679.5,652.0999756,669.75,62751
2024-04-16 00:00:00+00:00,675.4611816,677.0499878,687.5,654,659.25,139775
2024-04-18 00:00:00+00:00,676.6583862,678.25,691.0999756,673.9500122,689.3499756,38058
2024-04-19 00:00:00+00:00,679.8010254,681.4000244,687.5,660,668.2999878,108146
2024-04-22 00:00:00+00:00,659.5985718,661.1500244,680.3499756,658.25,672.4500122,100987
2024-04-23 00:00:00+00:00,663.7886353,665.3499756,672.7999878,654.9500122,665.9500122,30829
2024-04-24 00:00:00+00:00,665.0856323,666.6500244,681,665.0999756,666.0999756,90406
2024-04-25 00:00:00+00:00,665.4846802,667.0499878,673.0999756,659.4000244,666,22371
2024-04-26 00:00:00+00:00,646.2299805,647.75,671,647,663.3499756,29699
2024-04-29 00:00:00+00:00,634.8566895,636.3499756,654.0999756,633.9500122,650.25,99399
2024-04-30 00:00:00+00:00,624.131897,625.5999756,642.5,624,638.25,43890
2024-05-02 00:00:00+00:00,607.1219482,608.5499878,647.9500122,606.25,647.9500122,266427
2024-05-03 00:00:00+00:00,609.0175171,610.4500122,620.9500122,607.6500244,615,113450
2024-05-06 00:00:00+00:00,605.0269165,606.4500122,619,605,615,82592
2024-05-07 00:00:00+00:00,612.8584595,614.2999878,616,600.0499878,608.6500244,40336
2024-05-08 00:00:00+00:00,613.4071655,614.8499756,618,606.0999756,613.25,63076
2024-05-09 00:00:00+00:00,602.8320313,604.25,623,600.25,614.9000244,85073
2024-05-10 00:00:00+00:00,589.0644531,590.4500122,608.8499756,588.2999878,605.5499878,39398
2024-05-13 00:00:00+00:00,569.1612549,570.5,591,565.0499878,591,167587
2024-05-14 00:00:00+00:00,578.5391846,579.9000244,582.5,568.0999756,572.4000244,24432
2024-05-15 00:00:00+00:00,603.1313477,604.5499878,607.75,581.4000244,586.6500244,551490
2024-05-16 00:00:00+00:00,603.430603,604.8499756,612.6500244,602,608.5499878,78781
2024-05-17 00:00:00+00:00,611.461792,612.9000244,613.9000244,597.7000122,605.8499756,22391
2024-05-21 00:00:00+00:00,636.1037598,637.5999756,642.6500244,609.0999756,612.8499756,94603
2024-05-22 00:00:00+00:00,631.5644531,633.0499878,647.7000122,630.6500244,640.75,119597
2024-05-23 00:00:00+00:00,625.9277344,627.4000244,641.3499756,626.4000244,633.0499878,26981
2024-05-24 00:00:00+00:00,628.8707886,630.3499756,639,625,625.1500244,40034
2024-05-27 00:00:00+00:00,635.0562134,636.5499878,640.2999878,628.7999878,631.8499756,30779
2024-05-28 00:00:00+00:00,619.1436768,620.5999756,643.4500122,616.75,639.75,78928
2024-05-29 00:00:00+00:00,627.9230347,629.4000244,633,611.75,624.75,35733
2024-05-30 00:00:00+00:00,636.4530029,637.9500122,641,618.5499878,629.4000244,36612
2024-05-31 00:00:00+00:00,649.0732422,650.5999756,657,617,642.5,82666
2024-06-03 00:00:00+00:00,656.9547119,658.5,675,655.5,673.0499878,48279
2024-06-04 00:00:00+00:00,633.9089966,635.4000244,665.0499878,604.8499756,665.0499878,80589
2024-06-05 00:00:00+00:00,658.999939,660.5499878,664.9500122,613.6500244,632.0499878,138091
2024-06-06 00:00:00+00:00,655.458252,657,671,652.3499756,665,29736
2024-06-07 00:00:00+00:00,662.4916992,664.0499878,665.5,649.9500122,653.8499756,93351
2024-06-10 00:00:00+00:00,658.9002075,660.4500122,672,658.0999756,668,27736
2024-06-11 00:00:00+00:00,650.0709229,651.5999756,665.8499756,649.5,662.8499756,58332
2024-06-12 00:00:00+00:00,660.6460571,662.2000122,668,654.9000244,655.7000122,68113
2024-06-13 00:00:00+00:00,650.4699707,652,664.6500244,651,663,20009
2024-06-14 00:00:00+00:00,648.7999878,648.7999878,655.0499878,640.7999878,652,72678
2024-06-18 00:00:00+00:00,641.4500122,641.4500122,661.7999878,637.7000122,650,77967
2024-06-19 00:00:00+00:00,642.6500244,642.6500244,665,641.5,650.0499878,118693
2024-06-20 00:00:00+00:00,637.1500244,637.1500244,643.5999756,633.25,643.5499878,27050
2024-06-21 00:00:00+00:00,629.25,629.25,642.6500244,626.5999756,641.75,33261
2024-06-24 00:00:00+00:00,638.1500244,638.1500244,640,625,626.4500122,57472
2024-06-25 00:00:00+00:00,633.2999878,633.2999878,639.4000244,630.0499878,638,47745
2024-06-26 00:00:00+00:00,640.0999756,640.0999756,648,629.0999756,634.9500122,26834
2024-06-27 00:00:00+00:00,647,647,651.5,640.5,650,72043
2024-06-28 00:00:00+00:00,641.4000244,641.4000244,651.4500122,636.4000244,651.4500122,15790
2024-07-01 00:00:00+00:00,669.5999756,669.5999756,672,641.7000122,648.5499878,216609
2024-07-02 00:00:00+00:00,670.5499878,670.5499878,684.0499878,666.9500122,671,136029
2024-07-03 00:00:00+00:00,669.7000122,669.7000122,677,661.5,672.9000244,29302
2024-07-04 00:00:00+00:00,667.7000122,667.7000122,678.75,663.2000122,673,19327
2024-07-05 00:00:00+00:00,656.75,656.75,666.2999878,652.8499756,666.2999878,86630
2024-07-08 00:00:00+00:00,674.8499756,674.8499756,681.4000244,655.7999878,656.0499878,33804
2024-07-09 00:00:00+00:00,680.0999756,680.0999756,689.9000244,676.9000244,679.25,39039
2024-07-10 00:00:00+00:00,689.2999878,689.2999878,692.5,662.9500122,680,47646
2024-07-11 00:00:00+00:00,721.3499756,721.3499756,744.4500122,690.0999756,690.0999756,257960
2024-07-12 00:00:00+00:00,725.3499756,725.3499756,738,715,720.7999878,163585
2024-07-15 00:00:00+00:00,723.5,723.5,764.75,712.0499878,731,212340
2024-07-16 00:00:00+00:00,712.4500122,712.4500122,731.25,708,725.5999756,32366
2024-07-18 00:00:00+00:00,710.9000244,710.9000244,721.0999756,702,708.0499878,31221
2024-07-19 00:00:00+00:00,692.9000244,692.9000244,710,682.3499756,706,31346
2024-07-22 00:00:00+00:00,706.9500122,706.9500122,709.7999878,678.9000244,682.1500244,26221
2024-07-23 00:00:00+00:00,698.5499878,698.5499878,712,682.1500244,707,29805
2024-07-24 00:00:00+00:00,687.0999756,687.0999756,702.9500122,686,697,40950
2024-07-25 00:00:00+00:00,697.9500122,697.9500122,716.5999756,689,699.7999878,65921
2024-07-26 00:00:00+00:00,690.25,690.25,715,687.75,700.2999878,66003
2024-07-29 00:00:00+00:00,685.0999756,685.0999756,698.9500122,680.2000122,698.9500122,74089
2024-07-30 00:00:00+00:00,679.1500244,679.1500244,703,676.0499878,693.9000244,94089
2024-07-31 00:00:00+00:00,679.2999878,679.2999878,683,667.0999756,681,95265
2024-08-01 00:00:00+00:00,672.4000244,672.4000244,682.8499756,668.2000122,677.0499878,63338
2024-08-02 00:00:00+00:00,688.7000122,688.7000122,693.0499878,663.5499878,669.8499756,29654
2024-08-05 00:00:00+00:00,658.2999878,658.2999878,675.9500122,647.9000244,667.0499878,55562
2024-08-06 00:00:00+00:00,651.4500122,651.4500122,674.0499878,648.7999878,655,25369
2024-08-07 00:00:00+00:00,656.7000122,656.7000122,667.1500244,650,666.0499878,38878
2024-08-08 00:00:00+00:00,655.25,655.25,667.8499756,648.9500122,658.1500244,34766
2024-08-09 00:00:00+00:00,678.9500122,678.9500122,689.2000122,660.0499878,660.0499878,33909
2024-08-12 00:00:00+00:00,665.2000122,665.2000122,676.9500122,660.1500244,665.5,53416
2024-08-13 00:00:00+00:00,659.25,659.25,675.2000122,657.1500244,666.9500122,25586
2024-08-14 00:00:00+00:00,650.9500122,650.9500122,667,644,667,18219
2024-08-16 00:00:00+00:00,686.6500244,686.6500244,691.5,657,657,53425
2024-08-19 00:00:00+00:00,690.1500244,690.1500244,695.2999878,679.5499878,690.5,20587
2024-08-20 00:00:00+00:00,699.4500122,699.4500122,702,681.9500122,693.0499878,20746
2024-08-21 00:00:00+00:00,682.3499756,682.3499756,702,680.2000122,700,21974
2024-08-22 00:00:00+00:00,689.5499878,689.5499878,695.4000244,683.0499878,683.0499878,53412
2024-08-23 00:00:00+00:00,695.1500244,695.1500244,700,686,686,25609
2024-08-26 00:00:00+00:00,715.7000122,715.7000122,719.2000122,690.5499878,695.1500244,33701
2024-08-28 00:00:00+00:00,700.7000122,700.7000122,717.2999878,697.5,704,26627
2024-08-29 00:00:00+00:00,688.9000244,688.9000244,721.7000122,686.9000244,701,83135
2024-08-30 00:00:00+00:00,683.25,683.25,697.8499756,678.1500244,689.0499878,29004
2024-09-02 00:00:00+00:00,716.5,716.5,729.9000244,682.1500244,689.75,140844
2024-09-03 00:00:00+00:00,710.7000122,710.7000122,736,706,720.4000244,124049
2024-09-04 00:00:00+00:00,722.2999878,722.2999878,732.7000122,701.7000122,703,54840
2024-09-05 00:00:00+00:00,733.9500122,733.9500122,751,722,746.6500244,149624
2024-09-06 00:00:00+00:00,718.5499878,718.5499878,738,715.4000244,735.7999878,83793
2024-09-09 00:00:00+00:00,699.75,699.75,715,686,715,39370
2024-09-10 00:00:00+00:00,713.2999878,713.2999878,725,703.9000244,711.4000244,53070
2024-09-11 00:00:00+00:00,725.0499878,725.0499878,738.9500122,716,725.9500122,57210
2024-09-12 00:00:00+00:00,726,726,737.4500122,718.25,718.25,34137
2024-09-13 00:00:00+00:00,724.4500122,724.4500122,745.9500122,722,732,34164
2024-09-16 00:00:00+00:00,734.5499878,734.5499878,737.4000244,725.4000244,725.4000244,74441
2024-09-17 00:00:00+00:00,745.9000244,745.9000244,758.4500122,735.9000244,735.9000244,188690
2024-09-18 00:00:00+00:00,717.5999756,717.5999756,750.0999756,711.2000122,744.7999878,133031
2024-09-19 00:00:00+00:00,729.5999756,729.5999756,736,698.7000122,721,83553
2024-09-20 00:00:00+00:00,748.4500122,748.4500122,758.7000122,721.0499878,721.0499878,192129
2024-09-23 00:00:00+00:00,749.7999878,749.7999878,767.7999878,743.7999878,763.4000244,128836
2024-09-24 00:00:00+00:00,736.7999878,736.7999878,753.2000122,734,749.7999878,34927
2024-09-25 00:00:00+00:00,729.5999756,729.5999756,736,714.0999756,735.4500122,79407
2024-09-26 00:00:00+00:00,743.0999756,743.0999756,753.6500244,730.9000244,737.0499878,88866
2024-09-27 00:00:00+00:00,735.6500244,735.6500244,744.0999756,731,744,16459
2024-09-30 00:00:00+00:00,743.3499756,743.3499756,746,728.75,731.25,52916
2024-10-01 00:00:00+00:00,731.4000244,731.4000244,744.5499878,728.4000244,740.2000122,17662
2024-10-03 00:00:00+00:00,705.9000244,705.9000244,722.8499756,702.4500122,715.0499878,65477
2024-10-04 00:00:00+00:00,697.1500244,697.1500244,710,686.8499756,706.5999756,60172
2024-10-07 00:00:00+00:00,675.1500244,675.1500244,693.0999756,664.4500122,692.0499878,77099
2024-10-08 00:00:00+00:00,674.7999878,674.7999878,680,664.0499878,664.0499878,20293
2024-10-09 00:00:00+00:00,672.5999756,672.5999756,694.2999878,670.5999756,684.3499756,51927
2024-10-10 00:00:00+00:00,670.0999756,670.0999756,686.0499878,665,686.0499878,19789
2024-10-11 00:00:00+00:00,665.0499878,665.0499878,680,662,680,15199
2024-10-14 00:00:00+00:00,660.0499878,660.0499878,666.4000244,657.9500122,665,12392
2024-10-15 00:00:00+00:00,656.4000244,656.4000244,669.9500122,655.4000244,660.5,21259
2024-10-16 00:00:00+00:00,662.2000122,662.2000122,666,653.4000244,659.9500122,16194
2024-10-17 00:00:00+00:00,648,648,663.8499756,643.25,663,20464
2024-10-18 00:00:00+00:00,637.5,637.5,652.3499756,635,649,17626
2024-10-21 00:00:00+00:00,634.1500244,634.1500244,638.1500244,627,637.5,52884
2024-10-22 00:00:00+00:00,634.7999878,634.7999878,649.2000122,631.6500244,636.5499878,72785
2024-10-23 00:00:00+00:00,642.4500122,642.4500122,654.1500244,629.7999878,634.75,42437
2024-10-24 00:00:00+00:00,729.2999878,729.2999878,745,662.9000244,668.25,769272
2024-10-25 00:00:00+00:00,698.5499878,698.5499878,732.5499878,696,727.0499878,85129
2024-10-28 00:00:00+00:00,691.0499878,691.0499878,709.5999756,684.5999756,687.1500244,101590
2024-10-29 00:00:00+00:00,686.75,686.75,703.0499878,670.7999878,685.2000122,59346
2024-10-31 00:00:00+00:00,685.4500122,685.4500122,690.5499878,671.5499878,683,20885
2024-11-01 00:00:00+00:00,697.7000122,697.7000122,710,689.9500122,689.9500122,9255
2024-11-04 00:00:00+00:00,688.9000244,688.9000244,699.0999756,680.4500122,699.0499878,41282
2024-11-06 00:00:00+00:00,709.2000122,709.2000122,716.5999756,690,695.9500122,47199
2024-11-07 00:00:00+00:00,704.4000244,704.4000244,720.1500244,703.2999878,709.2000122,21186
2024-11-08 00:00:00+00:00,703.0499878,703.0499878,711.2000122,699.3499756,711.2000122,24328
